{
  "experiment": "gate_value_distribution_v2",
  "model": "/workspace/.cache/huggingface/hub/models--Qwen--Qwen2.5-72B-Instruct/snapshots/495f39366efef23836d0cfae4fbe635880d2be31",
  "quantization": "nf4",
  "activity_threshold": 0.05,
  "num_prompts": 26,
  "num_layers": 80,
  "intermediate_size": 29568,
  "summary": {
    "min_enc_0001": 0,
    "min_enc_0005": 0,
    "min_enc_001": 0,
    "min_enc_002": 0,
    "kb_0001": 0.0,
    "kb_0005": 0.0,
    "kb_001": 0.0,
    "kb_002": 0.0,
    "max_inactive": 0.0498046875,
    "min_active": 0.050048828125,
    "gap": 0.000244140625,
    "cv_enc_001": 7.303482736418851,
    "min_enc_001_val": 0,
    "max_enc_001_val": 7734,
    "mean_enc_001_val": 61.00769230769231,
    "worst_prompt_id": "adversarial_edge_06",
    "worst_category": "adversarial_edge",
    "worst_cap": 0,
    "layer_avg_inactive": {
      "0": 20685.26923076923,
      "1": 11997.423076923076,
      "2": 6948.846153846154,
      "3": 2505.0384615384614,
      "4": 969.9615384615385,
      "5": 801.4615384615385,
      "6": 677.2307692307693,
      "7": 440.15384615384613,
      "8": 277.96153846153845,
      "9": 199.0,
      "10": 145.69230769230768,
      "11": 117.92307692307692,
      "12": 94.53846153846153,
      "13": 62.92307692307692,
      "14": 74.61538461538461,
      "15": 51.88461538461539,
      "16": 42.65384615384615,
      "17": 45.84615384615385,
      "18": 28.807692307692307,
      "19": 14.423076923076923,
      "20": 8.384615384615385,
      "21": 8.73076923076923,
      "22": 2.6153846153846154,
      "23": 1.5,
      "24": 0.8461538461538461,
      "25": 0.7307692307692307,
      "26": 1.0,
      "27": 0.7692307692307693,
      "28": 0.5,
      "29": 0.7692307692307693,
      "30": 0.5769230769230769,
      "31": 0.5,
      "32": 0.6923076923076923,
      "33": 0.11538461538461539,
      "34": 0.07692307692307693,
      "35": 0.0,
      "36": 0.11538461538461539,
      "37": 0.11538461538461539,
      "38": 0.07692307692307693,
      "39": 0.0,
      "40": 0.07692307692307693,
      "41": 0.0,
      "42": 0.0,
      "43": 0.0,
      "44": 0.0,
      "45": 0.0,
      "46": 0.038461538461538464,
      "47": 0.0,
      "48": 0.0,
      "49": 0.0,
      "50": 0.0,
      "51": 0.0,
      "52": 0.0,
      "53": 0.0,
      "54": 0.0,
      "55": 0.0,
      "56": 0.0,
      "57": 0.0,
      "58": 0.0,
      "59": 0.0,
      "60": 0.0,
      "61": 0.0,
      "62": 0.0,
      "63": 0.0,
      "64": 0.0,
      "65": 0.0,
      "66": 0.0,
      "67": 0.0,
      "68": 0.0,
      "69": 0.0,
      "70": 0.0,
      "71": 0.0,
      "72": 0.0,
      "73": 0.0,
      "74": 0.07692307692307693,
      "75": 0.46153846153846156,
      "76": 1.6923076923076923,
      "77": 0.5769230769230769,
      "78": 93.11538461538461,
      "79": 103.96153846153847
    },
    "layer_avg_enc_001": {
      "0": 3467.846153846154,
      "1": 1310.076923076923,
      "2": 66.34615384615384,
      "3": 9.115384615384615,
      "4": 3.1538461538461537,
      "5": 2.3461538461538463,
      "6": 3.076923076923077,
      "7": 0.5,
      "8": 0.2692307692307692,
      "9": 0.15384615384615385,
      "10": 0.11538461538461539,
      "11": 0.038461538461538464,
      "12": 0.0,
      "13": 0.0,
      "14": 0.0,
      "15": 0.0,
      "16": 0.0,
      "17": 0.0,
      "18": 0.0,
      "19": 0.0,
      "20": 0.0,
      "21": 0.0,
      "22": 0.0,
      "23": 0.0,
      "24": 0.0,
      "25": 0.0,
      "26": 0.0,
      "27": 0.0,
      "28": 0.0,
      "29": 0.0,
      "30": 0.0,
      "31": 0.0,
      "32": 0.0,
      "33": 0.0,
      "34": 0.0,
      "35": 0.0,
      "36": 0.0,
      "37": 0.0,
      "38": 0.0,
      "39": 0.0,
      "40": 0.0,
      "41": 0.0,
      "42": 0.0,
      "43": 0.0,
      "44": 0.0,
      "45": 0.0,
      "46": 0.0,
      "47": 0.0,
      "48": 0.0,
      "49": 0.0,
      "50": 0.0,
      "51": 0.0,
      "52": 0.0,
      "53": 0.0,
      "54": 0.0,
      "55": 0.0,
      "56": 0.0,
      "57": 0.0,
      "58": 0.0,
      "59": 0.0,
      "60": 0.0,
      "61": 0.0,
      "62": 0.0,
      "63": 0.0,
      "64": 0.0,
      "65": 0.0,
      "66": 0.0,
      "67": 0.0,
      "68": 0.0,
      "69": 0.0,
      "70": 0.0,
      "71": 0.0,
      "72": 0.0,
      "73": 0.0,
      "74": 0.0,
      "75": 0.0,
      "76": 0.0,
      "77": 0.0,
      "78": 10.923076923076923,
      "79": 6.653846153846154
    }
  }
}